hilbert_dimension,highest_joint_fock_population
4,0.014711628773330833
9,0.0013036597775462559
16,7.349674830410849e-5
25,4.805812405545086e-6
36,3.493002846483559e-7
49,2.6740422941247977e-8
64,2.1671853251605582e-9
