hilbert_dimension,cumulant_1,cumulant_2,analytic_cumulant_1,analytic_cumulant_2
4,-0.02644201942678983,0.03319344794008622,-0.07399328859060403,0.11883072959256628
9,-0.05041709733514727,0.06821003700615019,-0.07399328859060403,0.11883072959256628
16,-0.06338049726797301,0.09216719846269635,-0.07399328859060403,0.11883072959256628
25,-0.06950927117455073,0.10584553291672318,-0.07399328859060403,0.11883072959256628
36,-0.07218638846768793,0.11287687204001268,-0.07399328859060403,0.11883072959256628
49,-0.07329169845433264,0.11623174389781488,-0.07399328859060403,0.11883072959256628
64,-0.073728837355728,0.11774143769299933,-0.07399328859060403,0.11883072959256628
81,-0.07389598739017654,0.11838935093216427,-0.07399328859060403,0.11883072959256628
