hilbert_dimension,cumulant_1,cumulant_2
4,-0.002441574958046068,0.011075096730193246
9,-0.003199042433255324,0.013793024694280787
16,-0.0037340151432814776,0.015491193490842603
25,-0.0037637047845724895,0.015447313990510692
36,-0.0036820671151557064,0.015119898903640516
49,-0.0035938103829815907,0.014834317079458925
64,-0.0035353812548364655,0.0146547641625836
